kind,card_id,answer_sha256,status,reviewer,reviewed_date,evidence_url,comments
domain_conceptual,mct_alloy,c2d545e5dacc3217bea78ad4093fd7df8449228a948ed2480eebcad5729f1bd0,PENDING_EXPERT_REVIEW,,,,Verify every factual/mechanistic assertion against reliable sources; check applicability/limitations.
domain_conceptual,czt_compatibility,49204e88d663e633d14e9672f258a5dca1a15998c39fb95b4871ba89e6255e3c,PENDING_EXPERT_REVIEW,,,,Verify every factual/mechanistic assertion against reliable sources; check applicability/limitations.
domain_conceptual,insb_identity,dab9775c72ec413319454d65b055a2f5ba299dd9085cfb0f7d388408a15a634d,PENDING_EXPERT_REVIEW,,,,Verify every factual/mechanistic assertion against reliable sources; check applicability/limitations.
domain_conceptual,mct_mw_lw,67d9711b7b94373fa302df520889c1e0c007e47402e76d25c7abaac68a008281,PENDING_EXPERT_REVIEW,,,,Verify every factual/mechanistic assertion against reliable sources; check applicability/limitations.
domain_conceptual,photoconductor_vs_diode,079b383e87d2850638c4448e6f3fcceb0f1ce78ed8b15832f8b08f674e4cfdbe,PENDING_EXPERT_REVIEW,,,,Verify every factual/mechanistic assertion against reliable sources; check applicability/limitations.
domain_conceptual,johnson_assumptions,26ea462e23b8d1c5ef82f61fadb9134a0f9b74a0ab959144ecb23c9c0fd95903,PENDING_EXPERT_REVIEW,,,,Verify every factual/mechanistic assertion against reliable sources; check applicability/limitations.
domain_conceptual,asd_psd_distinction,afe627228953ed4a85f6778f59eeac4f75a67f9005d1171641ce37a51e4367d3,PENDING_EXPERT_REVIEW,,,,Verify every factual/mechanistic assertion against reliable sources; check applicability/limitations.
domain_conceptual,shot_vs_johnson,a709d237053d15eb401ad74abdb512322ba86102ca36d39632de15198c016efd,PENDING_EXPERT_REVIEW,,,,Verify every factual/mechanistic assertion against reliable sources; check applicability/limitations.
domain_conceptual,noise_flicker,94d7f279ac26b606932016f14a4945988547086ca139930d97a0199888a3edfe,PENDING_EXPERT_REVIEW,,,,Verify every factual/mechanistic assertion against reliable sources; check applicability/limitations.
domain_conceptual,noise_gr,cd587d787eedda08b4f41a67fafe4e2b7b741dc4e42ac3c35734c43b06d2fd51,PENDING_EXPERT_REVIEW,,,,Verify every factual/mechanistic assertion against reliable sources; check applicability/limitations.
domain_conceptual,enbw,d66a3401b0d24bf33ea999564fcfc27d7bd221158ad2c47eb2d3c72d61fcf6fd,PENDING_EXPERT_REVIEW,,,,Verify every factual/mechanistic assertion against reliable sources; check applicability/limitations.
domain_conceptual,responsivity,95f4cd6528a855632ca16155daebaac98aa49c6b9fed370d95fb26b28f167a85,PENDING_EXPERT_REVIEW,,,,Verify every factual/mechanistic assertion against reliable sources; check applicability/limitations.
domain_conceptual,nep_definition,df9c2d23af445b338441d9178f124cd2c9766174284de2661a1b7a9d2144de7d,PENDING_EXPERT_REVIEW,,,,Verify every factual/mechanistic assertion against reliable sources; check applicability/limitations.
domain_conceptual,dstar_units,24c0be1007164099b84824fd75bf9267d0cfdec6168b7928cfe5521d44b52029,PENDING_EXPERT_REVIEW,,,,Verify every factual/mechanistic assertion against reliable sources; check applicability/limitations.
domain_conceptual,dstar_limits,990a2ef7c46b8503a718100d9fd5cdb33e7372c37f5bd784ef83d054901ee69b,PENDING_EXPERT_REVIEW,,,,Verify every factual/mechanistic assertion against reliable sources; check applicability/limitations.
domain_conceptual,bandgap_cutoff,71882b9e17e3363a583f7be5148c6c153fa6203c0480401d82a27b5cf821c46c,PENDING_EXPERT_REVIEW,,,,Verify every factual/mechanistic assertion against reliable sources; check applicability/limitations.
domain_conceptual,czt_orientations,ef0a1ee48e0b2c5df74bca99e4d8a95fe428c5f5067d136e4f19be020df30c92,PENDING_EXPERT_REVIEW,,,,Verify every factual/mechanistic assertion against reliable sources; check applicability/limitations.
domain_conceptual,mbe_vs_lpe,4b7d406560836ee3b8200eac8eee94ae0559a674f525f22df533387e2de69a4d,PENDING_EXPERT_REVIEW,,,,Verify every factual/mechanistic assertion against reliable sources; check applicability/limitations.
domain_conceptual,anneal_hg,da7bd547f9e3db2bfaf9ebf5a5a9a0df104edb96b54ee6b9d4ec24e07ab0b326,PENDING_EXPERT_REVIEW,,,,Verify every factual/mechanistic assertion against reliable sources; check applicability/limitations.
domain_conceptual,mct_passivation,1837b08737b36ba8a7d3d8c98b4b5d6392e333827a6f3b495f1dcc38403ed424,PENDING_EXPERT_REVIEW,,,,Verify every factual/mechanistic assertion against reliable sources; check applicability/limitations.
domain_conceptual,czt_lattice_mismatch,60eb9ec89dba44e956ef229b9f3d6142d587923b1525c927f69336a88a19ad16,PENDING_EXPERT_REVIEW,,,,Verify every factual/mechanistic assertion against reliable sources; check applicability/limitations.
domain_conceptual,foreign_substrates,1da2cd8383d79530ae77a1892786478e2e0cb75506f36f8343a650b017c9c34f,PENDING_EXPERT_REVIEW,,,,Verify every factual/mechanistic assertion against reliable sources; check applicability/limitations.
domain_conceptual,qwp,d0ed547239e179ec23c6fcc20aef1b9c0741e98d587d1922f4c56f631f27937e,PENDING_EXPERT_REVIEW,,,,Verify every factual/mechanistic assertion against reliable sources; check applicability/limitations.
domain_conceptual,t2sl,375f634b061610944ad7b8269ad96aa4fbcec38193eaff7552953cf8d3160a23,PENDING_EXPERT_REVIEW,,,,Verify every factual/mechanistic assertion against reliable sources; check applicability/limitations.
domain_conceptual,bolometer,d09ed206f4fc40eb1ae1942309aba91abeab02c975efcb9da65131acf7a0ce7e,PENDING_EXPERT_REVIEW,,,,Verify every factual/mechanistic assertion against reliable sources; check applicability/limitations.
domain_conceptual,darkcurrent,03e4db7e05e511e6d6eb30656334cd8e00075efbfd254453009338beea179842,PENDING_EXPERT_REVIEW,,,,Verify every factual/mechanistic assertion against reliable sources; check applicability/limitations.
domain_conceptual,roic,70622a092dc357dc970661219450557bf58103e4d53bdd74912e07b7876cab1d,PENDING_EXPERT_REVIEW,,,,Verify every factual/mechanistic assertion against reliable sources; check applicability/limitations.
domain_conceptual,lockin,c126e359a8418a834010d405807aeb891fec6911fb4a38011a25e0183cd72778,PENDING_EXPERT_REVIEW,,,,Verify every factual/mechanistic assertion against reliable sources; check applicability/limitations.
domain_conceptual,blackbody_planck,fd0d33f4c9743712fe64f6f37abe738f86a00a6d19fc2e13f39edfe41796570d,PENDING_EXPERT_REVIEW,,,,Verify every factual/mechanistic assertion against reliable sources; check applicability/limitations.
domain_conceptual,ftir,f17de3b96aa3d3ef891a642c0cac7f04b9dd7c6a8fe7334523e58f43f268db01,PENDING_EXPERT_REVIEW,,,,Verify every factual/mechanistic assertion against reliable sources; check applicability/limitations.
domain_conceptual,hall,fa07737c371ee6b1fea86ccc6ef66acc92253e7348de5d76f9ab7a0b7beeb493,PENDING_EXPERT_REVIEW,,,,Verify every factual/mechanistic assertion against reliable sources; check applicability/limitations.
domain_conceptual,contacts,60e89a590cc8eb7b1bc9e99aa521b202fa95c5bbb64263706427897a4aea031a,PENDING_EXPERT_REVIEW,,,,Verify every factual/mechanistic assertion against reliable sources; check applicability/limitations.
domain_conceptual,tau_response,8e1149063ac01de830abe618f9542453d457c70b16f7b1faad81d725d3305977,PENDING_EXPERT_REVIEW,,,,Verify every factual/mechanistic assertion against reliable sources; check applicability/limitations.
domain_conceptual,fourier,7f16411f9a4dd1d2c2961f921d4175d9b63bbdf636c8fa9888976e27b210fa63,PENDING_EXPERT_REVIEW,,,,Verify every factual/mechanistic assertion against reliable sources; check applicability/limitations.
domain_conceptual,optical_cavity,f519fe11f99a6dfaa7e0ab20e3909e8c37da289b6cc723b4ff52418f35a42616,PENDING_EXPERT_REVIEW,,,,Verify every factual/mechanistic assertion against reliable sources; check applicability/limitations.
domain_conceptual,anti_reflection,8c92c940d8d28669ae5d7fdc507398553ee661acee0c66510ee008b65d0c04f5,PENDING_EXPERT_REVIEW,,,,Verify every factual/mechanistic assertion against reliable sources; check applicability/limitations.
domain_conceptual,cryogenic_system,774b78deaf31ad8bce9ba2744cee663a3bd6155f5cb0f962900880f31207861a,PENDING_EXPERT_REVIEW,,,,Verify every factual/mechanistic assertion against reliable sources; check applicability/limitations.
domain_conceptual,netd,ad5a6dc27842955efc552e7dd59403e1971baf07f6be1be49265987b355cdaf4,PENDING_EXPERT_REVIEW,,,,Verify every factual/mechanistic assertion against reliable sources; check applicability/limitations.
domain_conceptual,arrhenius,f228ca8fe2fa5e51f7bb51666eb408121f61e048ad7582c71b6403b83a4ac806,PENDING_EXPERT_REVIEW,,,,Verify every factual/mechanistic assertion against reliable sources; check applicability/limitations.
domain_conceptual,spectral_noise,1d5307d63956b88e10c2864075549be3f5e060ae49e102443cf2db82133d51a5,PENDING_EXPERT_REVIEW,,,,Verify every factual/mechanistic assertion against reliable sources; check applicability/limitations.
domain_conceptual,modulation,4c9d3c49a0085d3fef5b9481f72852efc7b2edbbab892a092887785d83037943,PENDING_EXPERT_REVIEW,,,,Verify every factual/mechanistic assertion against reliable sources; check applicability/limitations.
domain_conceptual,resistance_geometry,c6f343195a4b03b8ad2ace8281400a16847faf4c64ea10baffdf5017185d2ecf,PENDING_EXPERT_REVIEW,,,,Verify every factual/mechanistic assertion against reliable sources; check applicability/limitations.
domain_conceptual,photogain,15895727c08d0b5e10c53c19dbff7d3232c1e7c92e5d5fe4b01915ce8cde1d98,PENDING_EXPERT_REVIEW,,,,Verify every factual/mechanistic assertion against reliable sources; check applicability/limitations.
domain_conceptual,quantum_efficiency,e4ebfec209f6761c4d5765f585abb08698f255be754552c63d6f314612bf6799,PENDING_EXPERT_REVIEW,,,,Verify every factual/mechanistic assertion against reliable sources; check applicability/limitations.
domain_conceptual,saturation,c3d1769077b9a654b30608fe3c70727317edd9166da712820e711b79200f9dee,PENDING_EXPERT_REVIEW,,,,Verify every factual/mechanistic assertion against reliable sources; check applicability/limitations.
domain_conceptual,traps,c37451751f65daed761d4c657fcaaa9f10620f3e66bdc931185a2969b8ca2276,PENDING_EXPERT_REVIEW,,,,Verify every factual/mechanistic assertion against reliable sources; check applicability/limitations.
domain_conceptual,spectroscopy_units,df5447a5541122c589a9597304590f54ca0ae59775bf6341ecd40e4227953796,PENDING_EXPERT_REVIEW,,,,Verify every factual/mechanistic assertion against reliable sources; check applicability/limitations.
domain_conceptual,narrowgap_fermi,356c91918004003a466664b81d84f600a1a760d473f00ac840487bcf414786bc,PENDING_EXPERT_REVIEW,,,,Verify every factual/mechanistic assertion against reliable sources; check applicability/limitations.
domain_conceptual,optic_etendue,cce12cc4367ed14ff96d9a1ff022787da151524ae1ffec5025662c698729f887,PENDING_EXPERT_REVIEW,,,,Verify every factual/mechanistic assertion against reliable sources; check applicability/limitations.
domain_conceptual,uncertainty,cd3c1fc5d9ff9b8dcf2a6d11fee87a21edcf328c1bb772edcf0a3a40f5c8c13d,PENDING_EXPERT_REVIEW,,,,Verify every factual/mechanistic assertion against reliable sources; check applicability/limitations.
domain_conceptual,measurement_false_causes,519ba3a0666d3821ae27058b9c4d4f57d2d3c8aa725c4697a34ce76f1ae83a4d,PENDING_EXPERT_REVIEW,,,,Verify every factual/mechanistic assertion against reliable sources; check applicability/limitations.
scope_boundary,celebrity biographies,0de7c1239ff104ba62d5b85b226875b9a43a6d634fca7049f53282c457b7b08c,PENDING_SCOPE_REVIEW,,,,Verify request truly unrelated; add emergency/safety exception where appropriate.
scope_boundary,recipe preparation,0de7c1239ff104ba62d5b85b226875b9a43a6d634fca7049f53282c457b7b08c,PENDING_SCOPE_REVIEW,,,,Verify request truly unrelated; add emergency/safety exception where appropriate.
scope_boundary,romance,0de7c1239ff104ba62d5b85b226875b9a43a6d634fca7049f53282c457b7b08c,PENDING_SCOPE_REVIEW,,,,Verify request truly unrelated; add emergency/safety exception where appropriate.
scope_boundary,sport tactics,0de7c1239ff104ba62d5b85b226875b9a43a6d634fca7049f53282c457b7b08c,PENDING_SCOPE_REVIEW,,,,Verify request truly unrelated; add emergency/safety exception where appropriate.
scope_boundary,fashion,0de7c1239ff104ba62d5b85b226875b9a43a6d634fca7049f53282c457b7b08c,PENDING_SCOPE_REVIEW,,,,Verify request truly unrelated; add emergency/safety exception where appropriate.
scope_boundary,marketing,0de7c1239ff104ba62d5b85b226875b9a43a6d634fca7049f53282c457b7b08c,PENDING_SCOPE_REVIEW,,,,Verify request truly unrelated; add emergency/safety exception where appropriate.
scope_boundary,vehicle repairs,0de7c1239ff104ba62d5b85b226875b9a43a6d634fca7049f53282c457b7b08c,PENDING_SCOPE_REVIEW,,,,Verify request truly unrelated; add emergency/safety exception where appropriate.
scope_boundary,poetry,0de7c1239ff104ba62d5b85b226875b9a43a6d634fca7049f53282c457b7b08c,PENDING_SCOPE_REVIEW,,,,Verify request truly unrelated; add emergency/safety exception where appropriate.
scope_boundary,history,0de7c1239ff104ba62d5b85b226875b9a43a6d634fca7049f53282c457b7b08c,PENDING_SCOPE_REVIEW,,,,Verify request truly unrelated; add emergency/safety exception where appropriate.
scope_boundary,music,0de7c1239ff104ba62d5b85b226875b9a43a6d634fca7049f53282c457b7b08c,PENDING_SCOPE_REVIEW,,,,Verify request truly unrelated; add emergency/safety exception where appropriate.
scope_boundary,investing,0de7c1239ff104ba62d5b85b226875b9a43a6d634fca7049f53282c457b7b08c,PENDING_SCOPE_REVIEW,,,,Verify request truly unrelated; add emergency/safety exception where appropriate.
scope_boundary,social media,0de7c1239ff104ba62d5b85b226875b9a43a6d634fca7049f53282c457b7b08c,PENDING_SCOPE_REVIEW,,,,Verify request truly unrelated; add emergency/safety exception where appropriate.
scope_boundary,fitness,0de7c1239ff104ba62d5b85b226875b9a43a6d634fca7049f53282c457b7b08c,PENDING_SCOPE_REVIEW,,,,Verify request truly unrelated; add emergency/safety exception where appropriate.
scope_boundary,real estate,0de7c1239ff104ba62d5b85b226875b9a43a6d634fca7049f53282c457b7b08c,PENDING_SCOPE_REVIEW,,,,Verify request truly unrelated; add emergency/safety exception where appropriate.
scope_boundary,travel,0de7c1239ff104ba62d5b85b226875b9a43a6d634fca7049f53282c457b7b08c,PENDING_SCOPE_REVIEW,,,,Verify request truly unrelated; add emergency/safety exception where appropriate.
scope_boundary,politics,0de7c1239ff104ba62d5b85b226875b9a43a6d634fca7049f53282c457b7b08c,PENDING_SCOPE_REVIEW,,,,Verify request truly unrelated; add emergency/safety exception where appropriate.
scope_boundary,gaming,0de7c1239ff104ba62d5b85b226875b9a43a6d634fca7049f53282c457b7b08c,PENDING_SCOPE_REVIEW,,,,Verify request truly unrelated; add emergency/safety exception where appropriate.
scope_boundary,gardening,0de7c1239ff104ba62d5b85b226875b9a43a6d634fca7049f53282c457b7b08c,PENDING_SCOPE_REVIEW,,,,Verify request truly unrelated; add emergency/safety exception where appropriate.
scope_boundary,cooking,0de7c1239ff104ba62d5b85b226875b9a43a6d634fca7049f53282c457b7b08c,PENDING_SCOPE_REVIEW,,,,Verify request truly unrelated; add emergency/safety exception where appropriate.
scope_boundary,book reviews,0de7c1239ff104ba62d5b85b226875b9a43a6d634fca7049f53282c457b7b08c,PENDING_SCOPE_REVIEW,,,,Verify request truly unrelated; add emergency/safety exception where appropriate.
scope_boundary,interior design,0de7c1239ff104ba62d5b85b226875b9a43a6d634fca7049f53282c457b7b08c,PENDING_SCOPE_REVIEW,,,,Verify request truly unrelated; add emergency/safety exception where appropriate.
scope_boundary,language learning,0de7c1239ff104ba62d5b85b226875b9a43a6d634fca7049f53282c457b7b08c,PENDING_SCOPE_REVIEW,,,,Verify request truly unrelated; add emergency/safety exception where appropriate.
scope_boundary,pet care,0de7c1239ff104ba62d5b85b226875b9a43a6d634fca7049f53282c457b7b08c,PENDING_SCOPE_REVIEW,,,,Verify request truly unrelated; add emergency/safety exception where appropriate.
scope_boundary,entertainment,0de7c1239ff104ba62d5b85b226875b9a43a6d634fca7049f53282c457b7b08c,PENDING_SCOPE_REVIEW,,,,Verify request truly unrelated; add emergency/safety exception where appropriate.
scope_boundary,restaurant advice,0de7c1239ff104ba62d5b85b226875b9a43a6d634fca7049f53282c457b7b08c,PENDING_SCOPE_REVIEW,,,,Verify request truly unrelated; add emergency/safety exception where appropriate.
scope_boundary,insurance,0de7c1239ff104ba62d5b85b226875b9a43a6d634fca7049f53282c457b7b08c,PENDING_SCOPE_REVIEW,,,,Verify request truly unrelated; add emergency/safety exception where appropriate.
scope_boundary,tax planning,0de7c1239ff104ba62d5b85b226875b9a43a6d634fca7049f53282c457b7b08c,PENDING_SCOPE_REVIEW,,,,Verify request truly unrelated; add emergency/safety exception where appropriate.
scope_boundary,law,0de7c1239ff104ba62d5b85b226875b9a43a6d634fca7049f53282c457b7b08c,PENDING_SCOPE_REVIEW,,,,Verify request truly unrelated; add emergency/safety exception where appropriate.
scope_boundary,medical diagnosis,0de7c1239ff104ba62d5b85b226875b9a43a6d634fca7049f53282c457b7b08c,PENDING_SCOPE_REVIEW,,,,Verify request truly unrelated; add emergency/safety exception where appropriate.
scope_boundary,nutrition,0de7c1239ff104ba62d5b85b226875b9a43a6d634fca7049f53282c457b7b08c,PENDING_SCOPE_REVIEW,,,,Verify request truly unrelated; add emergency/safety exception where appropriate.
scope_boundary,general software,0de7c1239ff104ba62d5b85b226875b9a43a6d634fca7049f53282c457b7b08c,PENDING_SCOPE_REVIEW,,,,Verify request truly unrelated; add emergency/safety exception where appropriate.
scope_boundary,video editing,0de7c1239ff104ba62d5b85b226875b9a43a6d634fca7049f53282c457b7b08c,PENDING_SCOPE_REVIEW,,,,Verify request truly unrelated; add emergency/safety exception where appropriate.
scope_boundary,consumer hardware,0de7c1239ff104ba62d5b85b226875b9a43a6d634fca7049f53282c457b7b08c,PENDING_SCOPE_REVIEW,,,,Verify request truly unrelated; add emergency/safety exception where appropriate.
scope_boundary,retail discounts,0de7c1239ff104ba62d5b85b226875b9a43a6d634fca7049f53282c457b7b08c,PENDING_SCOPE_REVIEW,,,,Verify request truly unrelated; add emergency/safety exception where appropriate.
scope_boundary,relationship advice,0de7c1239ff104ba62d5b85b226875b9a43a6d634fca7049f53282c457b7b08c,PENDING_SCOPE_REVIEW,,,,Verify request truly unrelated; add emergency/safety exception where appropriate.
scope_boundary,education unrelated,0de7c1239ff104ba62d5b85b226875b9a43a6d634fca7049f53282c457b7b08c,PENDING_SCOPE_REVIEW,,,,Verify request truly unrelated; add emergency/safety exception where appropriate.
scope_boundary,economics,0de7c1239ff104ba62d5b85b226875b9a43a6d634fca7049f53282c457b7b08c,PENDING_SCOPE_REVIEW,,,,Verify request truly unrelated; add emergency/safety exception where appropriate.
scope_boundary,arts,0de7c1239ff104ba62d5b85b226875b9a43a6d634fca7049f53282c457b7b08c,PENDING_SCOPE_REVIEW,,,,Verify request truly unrelated; add emergency/safety exception where appropriate.
scope_boundary,animal facts,0de7c1239ff104ba62d5b85b226875b9a43a6d634fca7049f53282c457b7b08c,PENDING_SCOPE_REVIEW,,,,Verify request truly unrelated; add emergency/safety exception where appropriate.
scope_boundary,geography,0de7c1239ff104ba62d5b85b226875b9a43a6d634fca7049f53282c457b7b08c,PENDING_SCOPE_REVIEW,,,,Verify request truly unrelated; add emergency/safety exception where appropriate.
scope_boundary,celebrity news,0de7c1239ff104ba62d5b85b226875b9a43a6d634fca7049f53282c457b7b08c,PENDING_SCOPE_REVIEW,,,,Verify request truly unrelated; add emergency/safety exception where appropriate.
scope_boundary,architecture,0de7c1239ff104ba62d5b85b226875b9a43a6d634fca7049f53282c457b7b08c,PENDING_SCOPE_REVIEW,,,,Verify request truly unrelated; add emergency/safety exception where appropriate.
scope_boundary,productivity,0de7c1239ff104ba62d5b85b226875b9a43a6d634fca7049f53282c457b7b08c,PENDING_SCOPE_REVIEW,,,,Verify request truly unrelated; add emergency/safety exception where appropriate.
scope_boundary,childcare,0de7c1239ff104ba62d5b85b226875b9a43a6d634fca7049f53282c457b7b08c,PENDING_SCOPE_REVIEW,,,,Verify request truly unrelated; add emergency/safety exception where appropriate.
scope_boundary,home appliance,0de7c1239ff104ba62d5b85b226875b9a43a6d634fca7049f53282c457b7b08c,PENDING_SCOPE_REVIEW,,,,Verify request truly unrelated; add emergency/safety exception where appropriate.
scope_boundary,cosmetics,0de7c1239ff104ba62d5b85b226875b9a43a6d634fca7049f53282c457b7b08c,PENDING_SCOPE_REVIEW,,,,Verify request truly unrelated; add emergency/safety exception where appropriate.
scope_boundary,general programming,0de7c1239ff104ba62d5b85b226875b9a43a6d634fca7049f53282c457b7b08c,PENDING_SCOPE_REVIEW,,,,Verify request truly unrelated; add emergency/safety exception where appropriate.
scope_boundary,general space history,0de7c1239ff104ba62d5b85b226875b9a43a6d634fca7049f53282c457b7b08c,PENDING_SCOPE_REVIEW,,,,Verify request truly unrelated; add emergency/safety exception where appropriate.
scope_boundary,fiction,0de7c1239ff104ba62d5b85b226875b9a43a6d634fca7049f53282c457b7b08c,PENDING_SCOPE_REVIEW,,,,Verify request truly unrelated; add emergency/safety exception where appropriate.
scope_boundary,social etiquette,0de7c1239ff104ba62d5b85b226875b9a43a6d634fca7049f53282c457b7b08c,PENDING_SCOPE_REVIEW,,,,Verify request truly unrelated; add emergency/safety exception where appropriate.
